,r2,pearson,spearman,model
0,0.00018705497816400357,-0.013676804384212109,-0.03460180027775038,onoff_original
1,0.7275583582304106,0.8529703149760902,0.6877042949764046,just_green
2,0.36063708452510834,0.6005306690961822,0.4979948599020488,tf_initialization
3,0.5947029157396619,0.7711698358595608,0.6386292916932552,tf_freeze_weights
