,Toehold,Toehold,Toehold,Toehold,Toehold,"Shuffled Toehold k-mers","Shuffled Toehold k-mers","Shuffled Toehold k-mers","Shuffled Toehold k-mers","Shuffled Toehold k-mers","Scrambled Toehold Sequence","Scrambled Toehold Sequence","Scrambled Toehold Sequence","Scrambled Toehold Sequence","Scrambled Toehold Sequence"
ON,0.72068231594177,0.70470899904978,0.70721096594838,0.70922997906877,0.70735528898052,0.18987344359615,0.21513173587078,0.21608243716444,0.20078736925736,0.20559430705362,0.10902398848650,0.12701230828842,0.11757071970903,0.11411913456924,0.11189760325497
"ON / OFF",0.52895502399279,0.52848849683761,0.52734408730504,0.52264389833536,0.52077639600432,0.11108050641531,0.13731758000018,0.14193698842992,0.13489974317953,0.14012890727500,0.05527638718680,0.04522882948926,0.04828639641047,0.04959951771065,0.05396552594072
OFF,0.55925958031117,0.56602994679658,0.56560628272288,0.56551190584823,0.56606927355451,0.17226697057946,0.17526633319962,0.16610890393847,0.17129042962957,0.17127380941656,0.08902284700284,0.08335461804531,0.07824002503595,0.07723404436586,0.07674815467726